mip_era,activity_id,institution_id,source_id,experiment_id,member_id,table_id,grid_label,version,frequency,instance_id,realm,variable_id
CMIP6,ScenarioMIP,AS-RCEC,TaiESM1,ssp126,r1i1p1f1,6hrLev,gn,20210323,6hrPt,CMIP6.ScenarioMIP.AS-RCEC.TaiESM1.ssp126.r1i1p1f1.6hrLev.ta.gn.v20210323,atmos,ta
CMIP6,ScenarioMIP,AS-RCEC,TaiESM1,ssp126,r1i1p1f1,6hrLev,gn,20211126,6hrPt,CMIP6.ScenarioMIP.AS-RCEC.TaiESM1.ssp126.r1i1p1f1.6hrLev.ta.gn.v20211126,atmos,ta
CMIP6,ScenarioMIP,AS-RCEC,TaiESM1,ssp126,r1i1p1f1,6hrPlevPt,gn,20210323,6hrPt,CMIP6.ScenarioMIP.AS-RCEC.TaiESM1.ssp126.r1i1p1f1.6hrPlevPt.ta.gn.v20210323,atmos,ta
CMIP6,ScenarioMIP,AS-RCEC,TaiESM1,ssp126,r1i1p1f1,6hrPlevPt,gn,20211126,6hrPt,CMIP6.ScenarioMIP.AS-RCEC.TaiESM1.ssp126.r1i1p1f1.6hrPlevPt.ta.gn.v20211126,atmos,ta
CMIP6,ScenarioMIP,BCC,BCC-CSM2-MR,ssp126,r1i1p1f1,6hrLev,gn,20190319,6hrPt,CMIP6.ScenarioMIP.BCC.BCC-CSM2-MR.ssp126.r1i1p1f1.6hrLev.ta.gn.v20190319,atmos,ta
CMIP6,ScenarioMIP,BCC,BCC-CSM2-MR,ssp126,r1i1p1f1,6hrLev,gn,20190320,6hrPt,CMIP6.ScenarioMIP.BCC.BCC-CSM2-MR.ssp126.r1i1p1f1.6hrLev.ta.gn.v20190320,atmos,ta
CMIP6,ScenarioMIP,BCC,BCC-CSM2-MR,ssp126,r1i1p1f1,6hrPlevPt,gn,20190315,6hrPt,CMIP6.ScenarioMIP.BCC.BCC-CSM2-MR.ssp126.r1i1p1f1.6hrPlevPt.ta.gn.v20190315,atmos,ta
CMIP6,ScenarioMIP,CAS,FGOALS-g3,ssp126,r1i1p1f1,6hrLev,gn,20200928,6hrPt,CMIP6.ScenarioMIP.CAS.FGOALS-g3.ssp126.r1i1p1f1.6hrLev.ta.gn.v20200928,atmos,ta
CMIP6,ScenarioMIP,CAS,FGOALS-g3,ssp126,r2i1p1f1,6hrLev,gn,20200924,6hrPt,CMIP6.ScenarioMIP.CAS.FGOALS-g3.ssp126.r2i1p1f1.6hrLev.ta.gn.v20200924,atmos,ta
CMIP6,ScenarioMIP,CAS,FGOALS-g3,ssp126,r3i1p1f1,6hrLev,gn,20200927,6hrPt,CMIP6.ScenarioMIP.CAS.FGOALS-g3.ssp126.r3i1p1f1.6hrLev.ta.gn.v20200927,atmos,ta
CMIP6,ScenarioMIP,CAS,FGOALS-g3,ssp126,r4i1p1f1,6hrLev,gn,20200927,6hrPt,CMIP6.ScenarioMIP.CAS.FGOALS-g3.ssp126.r4i1p1f1.6hrLev.ta.gn.v20200927,atmos,ta
CMIP6,ScenarioMIP,CCCma,CanESM5,ssp126,r1i1p2f1,6hrLev,gn,20190429,6hrPt,CMIP6.ScenarioMIP.CCCma.CanESM5.ssp126.r1i1p2f1.6hrLev.ta.gn.v20190429,atmos,ta
CMIP6,ScenarioMIP,CCCma,CanESM5,ssp126,r2i1p2f1,6hrLev,gn,20190429,6hrPt,CMIP6.ScenarioMIP.CCCma.CanESM5.ssp126.r2i1p2f1.6hrLev.ta.gn.v20190429,atmos,ta
CMIP6,ScenarioMIP,CCCma,CanESM5,ssp126,r3i1p2f1,6hrLev,gn,20190429,6hrPt,CMIP6.ScenarioMIP.CCCma.CanESM5.ssp126.r3i1p2f1.6hrLev.ta.gn.v20190429,atmos,ta
CMIP6,ScenarioMIP,CMCC,CMCC-CM2-SR5,ssp126,r1i1p1f1,6hrLev,gn,20200717,6hrPt,CMIP6.ScenarioMIP.CMCC.CMCC-CM2-SR5.ssp126.r1i1p1f1.6hrLev.ta.gn.v20200717,atmos,ta
CMIP6,ScenarioMIP,CMCC,CMCC-ESM2,ssp126,r1i1p1f1,6hrLev,gn,20210126,6hrPt,CMIP6.ScenarioMIP.CMCC.CMCC-ESM2.ssp126.r1i1p1f1.6hrLev.ta.gn.v20210126,atmos,ta
CMIP6,ScenarioMIP,CNRM-CERFACS,CNRM-CM6-1,ssp126,r1i1p1f2,6hrLev,gr,20190219,6hrPt,CMIP6.ScenarioMIP.CNRM-CERFACS.CNRM-CM6-1.ssp126.r1i1p1f2.6hrLev.ta.gr.v20190219,atmos,ta
CMIP6,ScenarioMIP,CNRM-CERFACS,CNRM-CM6-1-HR,ssp126,r1i1p1f2,6hrLev,gr,20200127,6hrPt,CMIP6.ScenarioMIP.CNRM-CERFACS.CNRM-CM6-1-HR.ssp126.r1i1p1f2.6hrLev.ta.gr.v20200127,atmos,ta
CMIP6,ScenarioMIP,CNRM-CERFACS,CNRM-CM6-1-HR,ssp126,r1i1p1f2,6hrPlevPt,gr,20200127,6hrPt,CMIP6.ScenarioMIP.CNRM-CERFACS.CNRM-CM6-1-HR.ssp126.r1i1p1f2.6hrPlevPt.ta.gr.v20200127,atmos,ta
CMIP6,ScenarioMIP,CNRM-CERFACS,CNRM-ESM2-1,ssp126,r1i1p1f2,6hrLev,gr,20190328,6hrPt,CMIP6.ScenarioMIP.CNRM-CERFACS.CNRM-ESM2-1.ssp126.r1i1p1f2.6hrLev.ta.gr.v20190328,atmos,ta
CMIP6,ScenarioMIP,CNRM-CERFACS,CNRM-ESM2-1,ssp126,r1i1p1f2,6hrPlevPt,gr,20190328,6hrPt,CMIP6.ScenarioMIP.CNRM-CERFACS.CNRM-ESM2-1.ssp126.r1i1p1f2.6hrPlevPt.ta.gr.v20190328,atmos,ta
CMIP6,ScenarioMIP,CNRM-CERFACS,CNRM-ESM2-1,ssp126,r2i1p1f2,6hrLev,gr,20190410,6hrPt,CMIP6.ScenarioMIP.CNRM-CERFACS.CNRM-ESM2-1.ssp126.r2i1p1f2.6hrLev.ta.gr.v20190410,atmos,ta
CMIP6,ScenarioMIP,CNRM-CERFACS,CNRM-ESM2-1,ssp126,r3i1p1f2,6hrLev,gr,20190410,6hrPt,CMIP6.ScenarioMIP.CNRM-CERFACS.CNRM-ESM2-1.ssp126.r3i1p1f2.6hrLev.ta.gr.v20190410,atmos,ta
CMIP6,ScenarioMIP,CSIRO,ACCESS-ESM1-5,ssp126,r6i1p1f1,6hrLev,gn,20211213,6hrPt,CMIP6.ScenarioMIP.CSIRO.ACCESS-ESM1-5.ssp126.r6i1p1f1.6hrLev.ta.gn.v20211213,atmos,ta
CMIP6,ScenarioMIP,CSIRO-ARCCSS,ACCESS-CM2,ssp126,r1i1p1f1,6hrLev,gn,20191108,6hrPt,CMIP6.ScenarioMIP.CSIRO-ARCCSS.ACCESS-CM2.ssp126.r1i1p1f1.6hrLev.ta.gn.v20191108,atmos,ta
CMIP6,ScenarioMIP,CSIRO-ARCCSS,ACCESS-CM2,ssp126,r1i1p1f1,6hrPlevPt,gn,20191108,6hrPt,CMIP6.ScenarioMIP.CSIRO-ARCCSS.ACCESS-CM2.ssp126.r1i1p1f1.6hrPlevPt.ta.gn.v20191108,atmos,ta
CMIP6,ScenarioMIP,CSIRO-ARCCSS,ACCESS-CM2,ssp126,r4i1p1f1,6hrLev,gn,20210921,6hrPt,CMIP6.ScenarioMIP.CSIRO-ARCCSS.ACCESS-CM2.ssp126.r4i1p1f1.6hrLev.ta.gn.v20210921,atmos,ta
CMIP6,ScenarioMIP,CSIRO-ARCCSS,ACCESS-CM2,ssp126,r4i1p1f1,6hrPlevPt,gn,20210712,6hrPt,CMIP6.ScenarioMIP.CSIRO-ARCCSS.ACCESS-CM2.ssp126.r4i1p1f1.6hrPlevPt.ta.gn.v20210712,atmos,ta
CMIP6,ScenarioMIP,CSIRO-ARCCSS,ACCESS-CM2,ssp126,r5i1p1f1,6hrLev,gn,20210921,6hrPt,CMIP6.ScenarioMIP.CSIRO-ARCCSS.ACCESS-CM2.ssp126.r5i1p1f1.6hrLev.ta.gn.v20210921,atmos,ta
CMIP6,ScenarioMIP,CSIRO-ARCCSS,ACCESS-CM2,ssp126,r5i1p1f1,6hrPlevPt,gn,20210802,6hrPt,CMIP6.ScenarioMIP.CSIRO-ARCCSS.ACCESS-CM2.ssp126.r5i1p1f1.6hrPlevPt.ta.gn.v20210802,atmos,ta
CMIP6,ScenarioMIP,DKRZ,MPI-ESM1-2-HR,ssp126,r1i1p1f1,6hrLev,gn,20190710,6hrPt,CMIP6.ScenarioMIP.DKRZ.MPI-ESM1-2-HR.ssp126.r1i1p1f1.6hrLev.ta.gn.v20190710,atmos,ta
CMIP6,ScenarioMIP,DKRZ,MPI-ESM1-2-HR,ssp126,r1i1p1f1,6hrPlevPt,gn,20190710,6hrPt,CMIP6.ScenarioMIP.DKRZ.MPI-ESM1-2-HR.ssp126.r1i1p1f1.6hrPlevPt.ta.gn.v20190710,atmos,ta
CMIP6,ScenarioMIP,DKRZ,MPI-ESM1-2-HR,ssp126,r1i1p1f1,E3hrPt,gn,20190710,3hrPt,CMIP6.ScenarioMIP.DKRZ.MPI-ESM1-2-HR.ssp126.r1i1p1f1.E3hrPt.ta.gn.v20190710,atmos,ta
CMIP6,ScenarioMIP,DWD,MPI-ESM1-2-HR,ssp126,r2i1p1f1,6hrLev,gn,20190710,6hrPt,CMIP6.ScenarioMIP.DWD.MPI-ESM1-2-HR.ssp126.r2i1p1f1.6hrLev.ta.gn.v20190710,atmos,ta
CMIP6,ScenarioMIP,DWD,MPI-ESM1-2-HR,ssp126,r2i1p1f1,6hrPlevPt,gn,20190710,6hrPt,CMIP6.ScenarioMIP.DWD.MPI-ESM1-2-HR.ssp126.r2i1p1f1.6hrPlevPt.ta.gn.v20190710,atmos,ta
CMIP6,ScenarioMIP,DWD,MPI-ESM1-2-HR,ssp126,r2i1p1f1,E3hrPt,gn,20190710,3hrPt,CMIP6.ScenarioMIP.DWD.MPI-ESM1-2-HR.ssp126.r2i1p1f1.E3hrPt.ta.gn.v20190710,atmos,ta
CMIP6,ScenarioMIP,EC-Earth-Consortium,EC-Earth3,ssp126,r11i1p1f1,6hrPlevPt,gr,20190710,6hrPt,CMIP6.ScenarioMIP.EC-Earth-Consortium.EC-Earth3.ssp126.r11i1p1f1.6hrPlevPt.ta.gr.v20190710,atmos,ta
CMIP6,ScenarioMIP,EC-Earth-Consortium,EC-Earth3,ssp126,r11i1p1f1,6hrPlevPt,gr,20200201,6hrPt,CMIP6.ScenarioMIP.EC-Earth-Consortium.EC-Earth3.ssp126.r11i1p1f1.6hrPlevPt.ta.gr.v20200201,atmos,ta
CMIP6,ScenarioMIP,EC-Earth-Consortium,EC-Earth3,ssp126,r13i1p1f1,6hrPlevPt,gr,20190710,6hrPt,CMIP6.ScenarioMIP.EC-Earth-Consortium.EC-Earth3.ssp126.r13i1p1f1.6hrPlevPt.ta.gr.v20190710,atmos,ta
CMIP6,ScenarioMIP,EC-Earth-Consortium,EC-Earth3,ssp126,r13i1p1f1,6hrPlevPt,gr,20200201,6hrPt,CMIP6.ScenarioMIP.EC-Earth-Consortium.EC-Earth3.ssp126.r13i1p1f1.6hrPlevPt.ta.gr.v20200201,atmos,ta
CMIP6,ScenarioMIP,EC-Earth-Consortium,EC-Earth3,ssp126,r15i1p1f1,6hrPlevPt,gr,20190710,6hrPt,CMIP6.ScenarioMIP.EC-Earth-Consortium.EC-Earth3.ssp126.r15i1p1f1.6hrPlevPt.ta.gr.v20190710,atmos,ta
CMIP6,ScenarioMIP,EC-Earth-Consortium,EC-Earth3,ssp126,r15i1p1f1,6hrPlevPt,gr,20200201,6hrPt,CMIP6.ScenarioMIP.EC-Earth-Consortium.EC-Earth3.ssp126.r15i1p1f1.6hrPlevPt.ta.gr.v20200201,atmos,ta
CMIP6,ScenarioMIP,EC-Earth-Consortium,EC-Earth3,ssp126,r1i1p1f1,6hrLev,gr,20210701,6hrPt,CMIP6.ScenarioMIP.EC-Earth-Consortium.EC-Earth3.ssp126.r1i1p1f1.6hrLev.ta.gr.v20210701,atmos,ta
CMIP6,ScenarioMIP,EC-Earth-Consortium,EC-Earth3,ssp126,r1i1p1f1,6hrPlevPt,gr,20190701,6hrPt,CMIP6.ScenarioMIP.EC-Earth-Consortium.EC-Earth3.ssp126.r1i1p1f1.6hrPlevPt.ta.gr.v20190701,atmos,ta
CMIP6,ScenarioMIP,EC-Earth-Consortium,EC-Earth3,ssp126,r1i1p1f1,6hrPlevPt,gr,20190926,6hrPt,CMIP6.ScenarioMIP.EC-Earth-Consortium.EC-Earth3.ssp126.r1i1p1f1.6hrPlevPt.ta.gr.v20190926,atmos,ta
CMIP6,ScenarioMIP,EC-Earth-Consortium,EC-Earth3,ssp126,r1i1p1f1,6hrPlevPt,gr,20200203,6hrPt,CMIP6.ScenarioMIP.EC-Earth-Consortium.EC-Earth3.ssp126.r1i1p1f1.6hrPlevPt.ta.gr.v20200203,atmos,ta
CMIP6,ScenarioMIP,EC-Earth-Consortium,EC-Earth3,ssp126,r1i1p1f1,6hrPlevPt,gr,20200310,6hrPt,CMIP6.ScenarioMIP.EC-Earth-Consortium.EC-Earth3.ssp126.r1i1p1f1.6hrPlevPt.ta.gr.v20200310,atmos,ta
CMIP6,ScenarioMIP,EC-Earth-Consortium,EC-Earth3,ssp126,r4i1p1f1,6hrPlevPt,gr,20190809,6hrPt,CMIP6.ScenarioMIP.EC-Earth-Consortium.EC-Earth3.ssp126.r4i1p1f1.6hrPlevPt.ta.gr.v20190809,atmos,ta
CMIP6,ScenarioMIP,EC-Earth-Consortium,EC-Earth3,ssp126,r4i1p1f1,6hrPlevPt,gr,20200425,6hrPt,CMIP6.ScenarioMIP.EC-Earth-Consortium.EC-Earth3.ssp126.r4i1p1f1.6hrPlevPt.ta.gr.v20200425,atmos,ta
CMIP6,ScenarioMIP,EC-Earth-Consortium,EC-Earth3,ssp126,r6i1p1f1,6hrPlevPt,gr,20190710,6hrPt,CMIP6.ScenarioMIP.EC-Earth-Consortium.EC-Earth3.ssp126.r6i1p1f1.6hrPlevPt.ta.gr.v20190710,atmos,ta
CMIP6,ScenarioMIP,EC-Earth-Consortium,EC-Earth3,ssp126,r6i1p1f1,6hrPlevPt,gr,20200201,6hrPt,CMIP6.ScenarioMIP.EC-Earth-Consortium.EC-Earth3.ssp126.r6i1p1f1.6hrPlevPt.ta.gr.v20200201,atmos,ta
CMIP6,ScenarioMIP,EC-Earth-Consortium,EC-Earth3,ssp126,r9i1p1f1,6hrPlevPt,gr,20190710,6hrPt,CMIP6.ScenarioMIP.EC-Earth-Consortium.EC-Earth3.ssp126.r9i1p1f1.6hrPlevPt.ta.gr.v20190710,atmos,ta
CMIP6,ScenarioMIP,EC-Earth-Consortium,EC-Earth3,ssp126,r9i1p1f1,6hrPlevPt,gr,20200201,6hrPt,CMIP6.ScenarioMIP.EC-Earth-Consortium.EC-Earth3.ssp126.r9i1p1f1.6hrPlevPt.ta.gr.v20200201,atmos,ta
CMIP6,ScenarioMIP,EC-Earth-Consortium,EC-Earth3,ssp126,r9i1p1f1,6hrPlevPt,gr,20200514,6hrPt,CMIP6.ScenarioMIP.EC-Earth-Consortium.EC-Earth3.ssp126.r9i1p1f1.6hrPlevPt.ta.gr.v20200514,atmos,ta
CMIP6,ScenarioMIP,EC-Earth-Consortium,EC-Earth3-Veg,ssp126,r1i1p1f1,6hrLev,gr,20210601,6hrPt,CMIP6.ScenarioMIP.EC-Earth-Consortium.EC-Earth3-Veg.ssp126.r1i1p1f1.6hrLev.ta.gr.v20210601,atmos,ta
CMIP6,ScenarioMIP,IPSL,IPSL-CM5A2-INCA,ssp126,r1i1p1f1,6hrLev,gr,20201218,6hrPt,CMIP6.ScenarioMIP.IPSL.IPSL-CM5A2-INCA.ssp126.r1i1p1f1.6hrLev.ta.gr.v20201218,atmos,ta
CMIP6,ScenarioMIP,IPSL,IPSL-CM5A2-INCA,ssp126,r1i1p1f1,6hrLev,gr,20220105,6hrPt,CMIP6.ScenarioMIP.IPSL.IPSL-CM5A2-INCA.ssp126.r1i1p1f1.6hrLev.ta.gr.v20220105,atmos,ta
CMIP6,ScenarioMIP,IPSL,IPSL-CM6A-LR,ssp126,r14i1p1f1,6hrLev,gr,20191121,6hrPt,CMIP6.ScenarioMIP.IPSL.IPSL-CM6A-LR.ssp126.r14i1p1f1.6hrLev.ta.gr.v20191121,atmos,ta
CMIP6,ScenarioMIP,IPSL,IPSL-CM6A-LR,ssp126,r1i1p1f1,6hrLev,gr,20190121,6hrPt,CMIP6.ScenarioMIP.IPSL.IPSL-CM6A-LR.ssp126.r1i1p1f1.6hrLev.ta.gr.v20190121,atmos,ta
CMIP6,ScenarioMIP,IPSL,IPSL-CM6A-LR,ssp126,r1i1p1f1,6hrLev,gr,20190903,6hrPt,CMIP6.ScenarioMIP.IPSL.IPSL-CM6A-LR.ssp126.r1i1p1f1.6hrLev.ta.gr.v20190903,atmos,ta
CMIP6,ScenarioMIP,IPSL,IPSL-CM6A-LR,ssp126,r2i1p1f1,6hrLev,gr,20190410,6hrPt,CMIP6.ScenarioMIP.IPSL.IPSL-CM6A-LR.ssp126.r2i1p1f1.6hrLev.ta.gr.v20190410,atmos,ta
CMIP6,ScenarioMIP,IPSL,IPSL-CM6A-LR,ssp126,r3i1p1f1,6hrLev,gr,20190410,6hrPt,CMIP6.ScenarioMIP.IPSL.IPSL-CM6A-LR.ssp126.r3i1p1f1.6hrLev.ta.gr.v20190410,atmos,ta
CMIP6,ScenarioMIP,IPSL,IPSL-CM6A-LR,ssp126,r4i1p1f1,6hrLev,gr,20191121,6hrPt,CMIP6.ScenarioMIP.IPSL.IPSL-CM6A-LR.ssp126.r4i1p1f1.6hrLev.ta.gr.v20191121,atmos,ta
CMIP6,ScenarioMIP,IPSL,IPSL-CM6A-LR,ssp126,r6i1p1f1,6hrLev,gr,20191121,6hrPt,CMIP6.ScenarioMIP.IPSL.IPSL-CM6A-LR.ssp126.r6i1p1f1.6hrLev.ta.gr.v20191121,atmos,ta
CMIP6,ScenarioMIP,KIOST,KIOST-ESM,ssp126,r1i1p1f1,6hrPlevPt,gr1,20210601,6hrPt,CMIP6.ScenarioMIP.KIOST.KIOST-ESM.ssp126.r1i1p1f1.6hrPlevPt.ta.gr1.v20210601,atmos,ta
CMIP6,ScenarioMIP,MIROC,MIROC-ES2L,ssp126,r10i1p1f2,6hrLev,gn,20220204,6hrPt,CMIP6.ScenarioMIP.MIROC.MIROC-ES2L.ssp126.r10i1p1f2.6hrLev.ta.gn.v20220204,atmos,ta
CMIP6,ScenarioMIP,MIROC,MIROC-ES2L,ssp126,r10i1p1f2,6hrPlevPt,gn,20220204,6hrPt,CMIP6.ScenarioMIP.MIROC.MIROC-ES2L.ssp126.r10i1p1f2.6hrPlevPt.ta.gn.v20220204,atmos,ta
CMIP6,ScenarioMIP,MIROC,MIROC-ES2L,ssp126,r1i1p1f2,6hrLev,gn,20200318,6hrPt,CMIP6.ScenarioMIP.MIROC.MIROC-ES2L.ssp126.r1i1p1f2.6hrLev.ta.gn.v20200318,atmos,ta
CMIP6,ScenarioMIP,MIROC,MIROC-ES2L,ssp126,r1i1p1f2,6hrPlevPt,gn,20200318,6hrPt,CMIP6.ScenarioMIP.MIROC.MIROC-ES2L.ssp126.r1i1p1f2.6hrPlevPt.ta.gn.v20200318,atmos,ta
CMIP6,ScenarioMIP,MIROC,MIROC-ES2L,ssp126,r2i1p1f2,6hrLev,gn,20200318,6hrPt,CMIP6.ScenarioMIP.MIROC.MIROC-ES2L.ssp126.r2i1p1f2.6hrLev.ta.gn.v20200318,atmos,ta
CMIP6,ScenarioMIP,MIROC,MIROC-ES2L,ssp126,r2i1p1f2,6hrPlevPt,gn,20200318,6hrPt,CMIP6.ScenarioMIP.MIROC.MIROC-ES2L.ssp126.r2i1p1f2.6hrPlevPt.ta.gn.v20200318,atmos,ta
CMIP6,ScenarioMIP,MIROC,MIROC-ES2L,ssp126,r3i1p1f2,6hrLev,gn,20200318,6hrPt,CMIP6.ScenarioMIP.MIROC.MIROC-ES2L.ssp126.r3i1p1f2.6hrLev.ta.gn.v20200318,atmos,ta
CMIP6,ScenarioMIP,MIROC,MIROC-ES2L,ssp126,r3i1p1f2,6hrPlevPt,gn,20200318,6hrPt,CMIP6.ScenarioMIP.MIROC.MIROC-ES2L.ssp126.r3i1p1f2.6hrPlevPt.ta.gn.v20200318,atmos,ta
CMIP6,ScenarioMIP,MIROC,MIROC-ES2L,ssp126,r4i1p1f2,6hrLev,gn,20220204,6hrPt,CMIP6.ScenarioMIP.MIROC.MIROC-ES2L.ssp126.r4i1p1f2.6hrLev.ta.gn.v20220204,atmos,ta
CMIP6,ScenarioMIP,MIROC,MIROC-ES2L,ssp126,r4i1p1f2,6hrPlevPt,gn,20220204,6hrPt,CMIP6.ScenarioMIP.MIROC.MIROC-ES2L.ssp126.r4i1p1f2.6hrPlevPt.ta.gn.v20220204,atmos,ta
CMIP6,ScenarioMIP,MIROC,MIROC-ES2L,ssp126,r5i1p1f2,6hrLev,gn,20220204,6hrPt,CMIP6.ScenarioMIP.MIROC.MIROC-ES2L.ssp126.r5i1p1f2.6hrLev.ta.gn.v20220204,atmos,ta
CMIP6,ScenarioMIP,MIROC,MIROC-ES2L,ssp126,r5i1p1f2,6hrPlevPt,gn,20220204,6hrPt,CMIP6.ScenarioMIP.MIROC.MIROC-ES2L.ssp126.r5i1p1f2.6hrPlevPt.ta.gn.v20220204,atmos,ta
CMIP6,ScenarioMIP,MIROC,MIROC-ES2L,ssp126,r6i1p1f2,6hrLev,gn,20220204,6hrPt,CMIP6.ScenarioMIP.MIROC.MIROC-ES2L.ssp126.r6i1p1f2.6hrLev.ta.gn.v20220204,atmos,ta
CMIP6,ScenarioMIP,MIROC,MIROC-ES2L,ssp126,r6i1p1f2,6hrPlevPt,gn,20220204,6hrPt,CMIP6.ScenarioMIP.MIROC.MIROC-ES2L.ssp126.r6i1p1f2.6hrPlevPt.ta.gn.v20220204,atmos,ta
CMIP6,ScenarioMIP,MIROC,MIROC-ES2L,ssp126,r7i1p1f2,6hrLev,gn,20220204,6hrPt,CMIP6.ScenarioMIP.MIROC.MIROC-ES2L.ssp126.r7i1p1f2.6hrLev.ta.gn.v20220204,atmos,ta
CMIP6,ScenarioMIP,MIROC,MIROC-ES2L,ssp126,r7i1p1f2,6hrPlevPt,gn,20220204,6hrPt,CMIP6.ScenarioMIP.MIROC.MIROC-ES2L.ssp126.r7i1p1f2.6hrPlevPt.ta.gn.v20220204,atmos,ta
CMIP6,ScenarioMIP,MIROC,MIROC-ES2L,ssp126,r8i1p1f2,6hrLev,gn,20220204,6hrPt,CMIP6.ScenarioMIP.MIROC.MIROC-ES2L.ssp126.r8i1p1f2.6hrLev.ta.gn.v20220204,atmos,ta
CMIP6,ScenarioMIP,MIROC,MIROC-ES2L,ssp126,r8i1p1f2,6hrPlevPt,gn,20220204,6hrPt,CMIP6.ScenarioMIP.MIROC.MIROC-ES2L.ssp126.r8i1p1f2.6hrPlevPt.ta.gn.v20220204,atmos,ta
CMIP6,ScenarioMIP,MIROC,MIROC-ES2L,ssp126,r9i1p1f2,6hrLev,gn,20220204,6hrPt,CMIP6.ScenarioMIP.MIROC.MIROC-ES2L.ssp126.r9i1p1f2.6hrLev.ta.gn.v20220204,atmos,ta
CMIP6,ScenarioMIP,MIROC,MIROC-ES2L,ssp126,r9i1p1f2,6hrPlevPt,gn,20220204,6hrPt,CMIP6.ScenarioMIP.MIROC.MIROC-ES2L.ssp126.r9i1p1f2.6hrPlevPt.ta.gn.v20220204,atmos,ta
CMIP6,ScenarioMIP,MIROC,MIROC6,ssp126,r1i1p1f1,6hrLev,gn,20191114,6hrPt,CMIP6.ScenarioMIP.MIROC.MIROC6.ssp126.r1i1p1f1.6hrLev.ta.gn.v20191114,atmos,ta
CMIP6,ScenarioMIP,MIROC,MIROC6,ssp126,r1i1p1f1,6hrPlevPt,gn,20191204,6hrPt,CMIP6.ScenarioMIP.MIROC.MIROC6.ssp126.r1i1p1f1.6hrPlevPt.ta.gn.v20191204,atmos,ta
CMIP6,ScenarioMIP,MIROC,MIROC6,ssp126,r2i1p1f1,6hrPlevPt,gn,20191204,6hrPt,CMIP6.ScenarioMIP.MIROC.MIROC6.ssp126.r2i1p1f1.6hrPlevPt.ta.gn.v20191204,atmos,ta
CMIP6,ScenarioMIP,MIROC,MIROC6,ssp126,r3i1p1f1,6hrPlevPt,gn,20191204,6hrPt,CMIP6.ScenarioMIP.MIROC.MIROC6.ssp126.r3i1p1f1.6hrPlevPt.ta.gn.v20191204,atmos,ta
CMIP6,ScenarioMIP,MOHC,HadGEM3-GC31-LL,ssp126,r1i1p1f3,6hrLev,gn,20200622,6hrPt,CMIP6.ScenarioMIP.MOHC.HadGEM3-GC31-LL.ssp126.r1i1p1f3.6hrLev.ta.gn.v20200622,atmos,ta
CMIP6,ScenarioMIP,MOHC,HadGEM3-GC31-MM,ssp126,r1i1p1f3,6hrLev,gn,20201023,6hrPt,CMIP6.ScenarioMIP.MOHC.HadGEM3-GC31-MM.ssp126.r1i1p1f3.6hrLev.ta.gn.v20201023,atmos,ta
CMIP6,ScenarioMIP,MOHC,HadGEM3-GC31-MM,ssp126,r1i1p1f3,6hrPlevPt,gn,20201006,6hrPt,CMIP6.ScenarioMIP.MOHC.HadGEM3-GC31-MM.ssp126.r1i1p1f3.6hrPlevPt.ta.gn.v20201006,atmos,ta
CMIP6,ScenarioMIP,MOHC,UKESM1-0-LL,ssp126,r1i1p1f2,6hrLev,gn,20200602,6hrPt,CMIP6.ScenarioMIP.MOHC.UKESM1-0-LL.ssp126.r1i1p1f2.6hrLev.ta.gn.v20200602,atmos,ta
CMIP6,ScenarioMIP,MOHC,UKESM1-0-LL,ssp126,r2i1p1f2,6hrLev,gn,20210922,6hrPt,CMIP6.ScenarioMIP.MOHC.UKESM1-0-LL.ssp126.r2i1p1f2.6hrLev.ta.gn.v20210922,atmos,ta
CMIP6,ScenarioMIP,MOHC,UKESM1-0-LL,ssp126,r3i1p1f2,6hrLev,gn,20210922,6hrPt,CMIP6.ScenarioMIP.MOHC.UKESM1-0-LL.ssp126.r3i1p1f2.6hrLev.ta.gn.v20210922,atmos,ta
CMIP6,ScenarioMIP,MPI-M,MPI-ESM1-2-LR,ssp126,r10i1p1f1,6hrLev,gn,20190710,6hrPt,CMIP6.ScenarioMIP.MPI-M.MPI-ESM1-2-LR.ssp126.r10i1p1f1.6hrLev.ta.gn.v20190710,atmos,ta
CMIP6,ScenarioMIP,MPI-M,MPI-ESM1-2-LR,ssp126,r10i1p1f1,6hrPlevPt,gn,20190710,6hrPt,CMIP6.ScenarioMIP.MPI-M.MPI-ESM1-2-LR.ssp126.r10i1p1f1.6hrPlevPt.ta.gn.v20190710,atmos,ta
CMIP6,ScenarioMIP,MPI-M,MPI-ESM1-2-LR,ssp126,r10i1p1f1,6hrPlevPt,gn,20190815,6hrPt,CMIP6.ScenarioMIP.MPI-M.MPI-ESM1-2-LR.ssp126.r10i1p1f1.6hrPlevPt.ta.gn.v20190815,atmos,ta
CMIP6,ScenarioMIP,MPI-M,MPI-ESM1-2-LR,ssp126,r10i1p1f1,E3hrPt,gn,20190710,3hrPt,CMIP6.ScenarioMIP.MPI-M.MPI-ESM1-2-LR.ssp126.r10i1p1f1.E3hrPt.ta.gn.v20190710,atmos,ta
CMIP6,ScenarioMIP,MPI-M,MPI-ESM1-2-LR,ssp126,r10i1p1f1,E3hrPt,gn,20190815,3hrPt,CMIP6.ScenarioMIP.MPI-M.MPI-ESM1-2-LR.ssp126.r10i1p1f1.E3hrPt.ta.gn.v20190815,atmos,ta
CMIP6,ScenarioMIP,MPI-M,MPI-ESM1-2-LR,ssp126,r11i1p1f1,6hrLev,gn,20210901,6hrPt,CMIP6.ScenarioMIP.MPI-M.MPI-ESM1-2-LR.ssp126.r11i1p1f1.6hrLev.ta.gn.v20210901,atmos,ta
CMIP6,ScenarioMIP,MPI-M,MPI-ESM1-2-LR,ssp126,r11i1p1f1,6hrPlevPt,gn,20210901,6hrPt,CMIP6.ScenarioMIP.MPI-M.MPI-ESM1-2-LR.ssp126.r11i1p1f1.6hrPlevPt.ta.gn.v20210901,atmos,ta
CMIP6,ScenarioMIP,MPI-M,MPI-ESM1-2-LR,ssp126,r12i1p1f1,6hrLev,gn,20210901,6hrPt,CMIP6.ScenarioMIP.MPI-M.MPI-ESM1-2-LR.ssp126.r12i1p1f1.6hrLev.ta.gn.v20210901,atmos,ta
CMIP6,ScenarioMIP,MPI-M,MPI-ESM1-2-LR,ssp126,r12i1p1f1,6hrPlevPt,gn,20210901,6hrPt,CMIP6.ScenarioMIP.MPI-M.MPI-ESM1-2-LR.ssp126.r12i1p1f1.6hrPlevPt.ta.gn.v20210901,atmos,ta
CMIP6,ScenarioMIP,MPI-M,MPI-ESM1-2-LR,ssp126,r13i1p1f1,6hrLev,gn,20210901,6hrPt,CMIP6.ScenarioMIP.MPI-M.MPI-ESM1-2-LR.ssp126.r13i1p1f1.6hrLev.ta.gn.v20210901,atmos,ta
CMIP6,ScenarioMIP,MPI-M,MPI-ESM1-2-LR,ssp126,r13i1p1f1,6hrPlevPt,gn,20210901,6hrPt,CMIP6.ScenarioMIP.MPI-M.MPI-ESM1-2-LR.ssp126.r13i1p1f1.6hrPlevPt.ta.gn.v20210901,atmos,ta
CMIP6,ScenarioMIP,MPI-M,MPI-ESM1-2-LR,ssp126,r14i1p1f1,6hrLev,gn,20210901,6hrPt,CMIP6.ScenarioMIP.MPI-M.MPI-ESM1-2-LR.ssp126.r14i1p1f1.6hrLev.ta.gn.v20210901,atmos,ta
CMIP6,ScenarioMIP,MPI-M,MPI-ESM1-2-LR,ssp126,r14i1p1f1,6hrPlevPt,gn,20210901,6hrPt,CMIP6.ScenarioMIP.MPI-M.MPI-ESM1-2-LR.ssp126.r14i1p1f1.6hrPlevPt.ta.gn.v20210901,atmos,ta
CMIP6,ScenarioMIP,MPI-M,MPI-ESM1-2-LR,ssp126,r15i1p1f1,6hrLev,gn,20210901,6hrPt,CMIP6.ScenarioMIP.MPI-M.MPI-ESM1-2-LR.ssp126.r15i1p1f1.6hrLev.ta.gn.v20210901,atmos,ta
CMIP6,ScenarioMIP,MPI-M,MPI-ESM1-2-LR,ssp126,r15i1p1f1,6hrPlevPt,gn,20210901,6hrPt,CMIP6.ScenarioMIP.MPI-M.MPI-ESM1-2-LR.ssp126.r15i1p1f1.6hrPlevPt.ta.gn.v20210901,atmos,ta
CMIP6,ScenarioMIP,MPI-M,MPI-ESM1-2-LR,ssp126,r16i1p1f1,6hrLev,gn,20210901,6hrPt,CMIP6.ScenarioMIP.MPI-M.MPI-ESM1-2-LR.ssp126.r16i1p1f1.6hrLev.ta.gn.v20210901,atmos,ta
CMIP6,ScenarioMIP,MPI-M,MPI-ESM1-2-LR,ssp126,r16i1p1f1,6hrPlevPt,gn,20210901,6hrPt,CMIP6.ScenarioMIP.MPI-M.MPI-ESM1-2-LR.ssp126.r16i1p1f1.6hrPlevPt.ta.gn.v20210901,atmos,ta
CMIP6,ScenarioMIP,MPI-M,MPI-ESM1-2-LR,ssp126,r17i1p1f1,6hrLev,gn,20210901,6hrPt,CMIP6.ScenarioMIP.MPI-M.MPI-ESM1-2-LR.ssp126.r17i1p1f1.6hrLev.ta.gn.v20210901,atmos,ta
CMIP6,ScenarioMIP,MPI-M,MPI-ESM1-2-LR,ssp126,r17i1p1f1,6hrPlevPt,gn,20210901,6hrPt,CMIP6.ScenarioMIP.MPI-M.MPI-ESM1-2-LR.ssp126.r17i1p1f1.6hrPlevPt.ta.gn.v20210901,atmos,ta
CMIP6,ScenarioMIP,MPI-M,MPI-ESM1-2-LR,ssp126,r18i1p1f1,6hrLev,gn,20210901,6hrPt,CMIP6.ScenarioMIP.MPI-M.MPI-ESM1-2-LR.ssp126.r18i1p1f1.6hrLev.ta.gn.v20210901,atmos,ta
CMIP6,ScenarioMIP,MPI-M,MPI-ESM1-2-LR,ssp126,r18i1p1f1,6hrPlevPt,gn,20210901,6hrPt,CMIP6.ScenarioMIP.MPI-M.MPI-ESM1-2-LR.ssp126.r18i1p1f1.6hrPlevPt.ta.gn.v20210901,atmos,ta
CMIP6,ScenarioMIP,MPI-M,MPI-ESM1-2-LR,ssp126,r19i1p1f1,6hrLev,gn,20210901,6hrPt,CMIP6.ScenarioMIP.MPI-M.MPI-ESM1-2-LR.ssp126.r19i1p1f1.6hrLev.ta.gn.v20210901,atmos,ta
CMIP6,ScenarioMIP,MPI-M,MPI-ESM1-2-LR,ssp126,r19i1p1f1,6hrPlevPt,gn,20210901,6hrPt,CMIP6.ScenarioMIP.MPI-M.MPI-ESM1-2-LR.ssp126.r19i1p1f1.6hrPlevPt.ta.gn.v20210901,atmos,ta
CMIP6,ScenarioMIP,MPI-M,MPI-ESM1-2-LR,ssp126,r1i1p1f1,6hrLev,gn,20190710,6hrPt,CMIP6.ScenarioMIP.MPI-M.MPI-ESM1-2-LR.ssp126.r1i1p1f1.6hrLev.ta.gn.v20190710,atmos,ta
CMIP6,ScenarioMIP,MPI-M,MPI-ESM1-2-LR,ssp126,r1i1p1f1,6hrPlevPt,gn,20190710,6hrPt,CMIP6.ScenarioMIP.MPI-M.MPI-ESM1-2-LR.ssp126.r1i1p1f1.6hrPlevPt.ta.gn.v20190710,atmos,ta
CMIP6,ScenarioMIP,MPI-M,MPI-ESM1-2-LR,ssp126,r1i1p1f1,6hrPlevPt,gn,20190815,6hrPt,CMIP6.ScenarioMIP.MPI-M.MPI-ESM1-2-LR.ssp126.r1i1p1f1.6hrPlevPt.ta.gn.v20190815,atmos,ta
CMIP6,ScenarioMIP,MPI-M,MPI-ESM1-2-LR,ssp126,r1i1p1f1,E3hrPt,gn,20190710,3hrPt,CMIP6.ScenarioMIP.MPI-M.MPI-ESM1-2-LR.ssp126.r1i1p1f1.E3hrPt.ta.gn.v20190710,atmos,ta
CMIP6,ScenarioMIP,MPI-M,MPI-ESM1-2-LR,ssp126,r1i1p1f1,E3hrPt,gn,20190815,3hrPt,CMIP6.ScenarioMIP.MPI-M.MPI-ESM1-2-LR.ssp126.r1i1p1f1.E3hrPt.ta.gn.v20190815,atmos,ta
CMIP6,ScenarioMIP,MPI-M,MPI-ESM1-2-LR,ssp126,r20i1p1f1,6hrLev,gn,20210901,6hrPt,CMIP6.ScenarioMIP.MPI-M.MPI-ESM1-2-LR.ssp126.r20i1p1f1.6hrLev.ta.gn.v20210901,atmos,ta
CMIP6,ScenarioMIP,MPI-M,MPI-ESM1-2-LR,ssp126,r20i1p1f1,6hrPlevPt,gn,20210901,6hrPt,CMIP6.ScenarioMIP.MPI-M.MPI-ESM1-2-LR.ssp126.r20i1p1f1.6hrPlevPt.ta.gn.v20210901,atmos,ta
CMIP6,ScenarioMIP,MPI-M,MPI-ESM1-2-LR,ssp126,r21i1p1f1,6hrLev,gn,20210901,6hrPt,CMIP6.ScenarioMIP.MPI-M.MPI-ESM1-2-LR.ssp126.r21i1p1f1.6hrLev.ta.gn.v20210901,atmos,ta
CMIP6,ScenarioMIP,MPI-M,MPI-ESM1-2-LR,ssp126,r21i1p1f1,6hrPlevPt,gn,20210901,6hrPt,CMIP6.ScenarioMIP.MPI-M.MPI-ESM1-2-LR.ssp126.r21i1p1f1.6hrPlevPt.ta.gn.v20210901,atmos,ta
CMIP6,ScenarioMIP,MPI-M,MPI-ESM1-2-LR,ssp126,r22i1p1f1,6hrLev,gn,20210901,6hrPt,CMIP6.ScenarioMIP.MPI-M.MPI-ESM1-2-LR.ssp126.r22i1p1f1.6hrLev.ta.gn.v20210901,atmos,ta
CMIP6,ScenarioMIP,MPI-M,MPI-ESM1-2-LR,ssp126,r22i1p1f1,6hrPlevPt,gn,20210901,6hrPt,CMIP6.ScenarioMIP.MPI-M.MPI-ESM1-2-LR.ssp126.r22i1p1f1.6hrPlevPt.ta.gn.v20210901,atmos,ta
CMIP6,ScenarioMIP,MPI-M,MPI-ESM1-2-LR,ssp126,r23i1p1f1,6hrLev,gn,20210901,6hrPt,CMIP6.ScenarioMIP.MPI-M.MPI-ESM1-2-LR.ssp126.r23i1p1f1.6hrLev.ta.gn.v20210901,atmos,ta
CMIP6,ScenarioMIP,MPI-M,MPI-ESM1-2-LR,ssp126,r23i1p1f1,6hrPlevPt,gn,20210901,6hrPt,CMIP6.ScenarioMIP.MPI-M.MPI-ESM1-2-LR.ssp126.r23i1p1f1.6hrPlevPt.ta.gn.v20210901,atmos,ta
CMIP6,ScenarioMIP,MPI-M,MPI-ESM1-2-LR,ssp126,r24i1p1f1,6hrLev,gn,20210901,6hrPt,CMIP6.ScenarioMIP.MPI-M.MPI-ESM1-2-LR.ssp126.r24i1p1f1.6hrLev.ta.gn.v20210901,atmos,ta
CMIP6,ScenarioMIP,MPI-M,MPI-ESM1-2-LR,ssp126,r24i1p1f1,6hrPlevPt,gn,20210901,6hrPt,CMIP6.ScenarioMIP.MPI-M.MPI-ESM1-2-LR.ssp126.r24i1p1f1.6hrPlevPt.ta.gn.v20210901,atmos,ta
CMIP6,ScenarioMIP,MPI-M,MPI-ESM1-2-LR,ssp126,r25i1p1f1,6hrLev,gn,20210901,6hrPt,CMIP6.ScenarioMIP.MPI-M.MPI-ESM1-2-LR.ssp126.r25i1p1f1.6hrLev.ta.gn.v20210901,atmos,ta
CMIP6,ScenarioMIP,MPI-M,MPI-ESM1-2-LR,ssp126,r25i1p1f1,6hrPlevPt,gn,20210901,6hrPt,CMIP6.ScenarioMIP.MPI-M.MPI-ESM1-2-LR.ssp126.r25i1p1f1.6hrPlevPt.ta.gn.v20210901,atmos,ta
CMIP6,ScenarioMIP,MPI-M,MPI-ESM1-2-LR,ssp126,r26i1p1f1,6hrLev,gn,20210901,6hrPt,CMIP6.ScenarioMIP.MPI-M.MPI-ESM1-2-LR.ssp126.r26i1p1f1.6hrLev.ta.gn.v20210901,atmos,ta
CMIP6,ScenarioMIP,MPI-M,MPI-ESM1-2-LR,ssp126,r26i1p1f1,6hrPlevPt,gn,20210901,6hrPt,CMIP6.ScenarioMIP.MPI-M.MPI-ESM1-2-LR.ssp126.r26i1p1f1.6hrPlevPt.ta.gn.v20210901,atmos,ta
CMIP6,ScenarioMIP,MPI-M,MPI-ESM1-2-LR,ssp126,r27i1p1f1,6hrLev,gn,20210901,6hrPt,CMIP6.ScenarioMIP.MPI-M.MPI-ESM1-2-LR.ssp126.r27i1p1f1.6hrLev.ta.gn.v20210901,atmos,ta
CMIP6,ScenarioMIP,MPI-M,MPI-ESM1-2-LR,ssp126,r27i1p1f1,6hrPlevPt,gn,20210901,6hrPt,CMIP6.ScenarioMIP.MPI-M.MPI-ESM1-2-LR.ssp126.r27i1p1f1.6hrPlevPt.ta.gn.v20210901,atmos,ta
CMIP6,ScenarioMIP,MPI-M,MPI-ESM1-2-LR,ssp126,r28i1p1f1,6hrLev,gn,20210901,6hrPt,CMIP6.ScenarioMIP.MPI-M.MPI-ESM1-2-LR.ssp126.r28i1p1f1.6hrLev.ta.gn.v20210901,atmos,ta
CMIP6,ScenarioMIP,MPI-M,MPI-ESM1-2-LR,ssp126,r28i1p1f1,6hrPlevPt,gn,20210901,6hrPt,CMIP6.ScenarioMIP.MPI-M.MPI-ESM1-2-LR.ssp126.r28i1p1f1.6hrPlevPt.ta.gn.v20210901,atmos,ta
CMIP6,ScenarioMIP,MPI-M,MPI-ESM1-2-LR,ssp126,r29i1p1f1,6hrLev,gn,20210901,6hrPt,CMIP6.ScenarioMIP.MPI-M.MPI-ESM1-2-LR.ssp126.r29i1p1f1.6hrLev.ta.gn.v20210901,atmos,ta
CMIP6,ScenarioMIP,MPI-M,MPI-ESM1-2-LR,ssp126,r29i1p1f1,6hrPlevPt,gn,20210901,6hrPt,CMIP6.ScenarioMIP.MPI-M.MPI-ESM1-2-LR.ssp126.r29i1p1f1.6hrPlevPt.ta.gn.v20210901,atmos,ta
CMIP6,ScenarioMIP,MPI-M,MPI-ESM1-2-LR,ssp126,r2i1p1f1,6hrLev,gn,20190710,6hrPt,CMIP6.ScenarioMIP.MPI-M.MPI-ESM1-2-LR.ssp126.r2i1p1f1.6hrLev.ta.gn.v20190710,atmos,ta
CMIP6,ScenarioMIP,MPI-M,MPI-ESM1-2-LR,ssp126,r2i1p1f1,6hrPlevPt,gn,20190710,6hrPt,CMIP6.ScenarioMIP.MPI-M.MPI-ESM1-2-LR.ssp126.r2i1p1f1.6hrPlevPt.ta.gn.v20190710,atmos,ta
CMIP6,ScenarioMIP,MPI-M,MPI-ESM1-2-LR,ssp126,r2i1p1f1,E3hrPt,gn,20190710,3hrPt,CMIP6.ScenarioMIP.MPI-M.MPI-ESM1-2-LR.ssp126.r2i1p1f1.E3hrPt.ta.gn.v20190710,atmos,ta
CMIP6,ScenarioMIP,MPI-M,MPI-ESM1-2-LR,ssp126,r30i1p1f1,6hrLev,gn,20210901,6hrPt,CMIP6.ScenarioMIP.MPI-M.MPI-ESM1-2-LR.ssp126.r30i1p1f1.6hrLev.ta.gn.v20210901,atmos,ta
CMIP6,ScenarioMIP,MPI-M,MPI-ESM1-2-LR,ssp126,r30i1p1f1,6hrPlevPt,gn,20210901,6hrPt,CMIP6.ScenarioMIP.MPI-M.MPI-ESM1-2-LR.ssp126.r30i1p1f1.6hrPlevPt.ta.gn.v20210901,atmos,ta
CMIP6,ScenarioMIP,MPI-M,MPI-ESM1-2-LR,ssp126,r3i1p1f1,6hrLev,gn,20190710,6hrPt,CMIP6.ScenarioMIP.MPI-M.MPI-ESM1-2-LR.ssp126.r3i1p1f1.6hrLev.ta.gn.v20190710,atmos,ta
CMIP6,ScenarioMIP,MPI-M,MPI-ESM1-2-LR,ssp126,r3i1p1f1,6hrPlevPt,gn,20190710,6hrPt,CMIP6.ScenarioMIP.MPI-M.MPI-ESM1-2-LR.ssp126.r3i1p1f1.6hrPlevPt.ta.gn.v20190710,atmos,ta
CMIP6,ScenarioMIP,MPI-M,MPI-ESM1-2-LR,ssp126,r3i1p1f1,E3hrPt,gn,20190710,3hrPt,CMIP6.ScenarioMIP.MPI-M.MPI-ESM1-2-LR.ssp126.r3i1p1f1.E3hrPt.ta.gn.v20190710,atmos,ta
CMIP6,ScenarioMIP,MPI-M,MPI-ESM1-2-LR,ssp126,r4i1p1f1,6hrLev,gn,20190710,6hrPt,CMIP6.ScenarioMIP.MPI-M.MPI-ESM1-2-LR.ssp126.r4i1p1f1.6hrLev.ta.gn.v20190710,atmos,ta
CMIP6,ScenarioMIP,MPI-M,MPI-ESM1-2-LR,ssp126,r4i1p1f1,6hrPlevPt,gn,20190710,6hrPt,CMIP6.ScenarioMIP.MPI-M.MPI-ESM1-2-LR.ssp126.r4i1p1f1.6hrPlevPt.ta.gn.v20190710,atmos,ta
CMIP6,ScenarioMIP,MPI-M,MPI-ESM1-2-LR,ssp126,r4i1p1f1,E3hrPt,gn,20190710,3hrPt,CMIP6.ScenarioMIP.MPI-M.MPI-ESM1-2-LR.ssp126.r4i1p1f1.E3hrPt.ta.gn.v20190710,atmos,ta
CMIP6,ScenarioMIP,MPI-M,MPI-ESM1-2-LR,ssp126,r5i1p1f1,6hrLev,gn,20190710,6hrPt,CMIP6.ScenarioMIP.MPI-M.MPI-ESM1-2-LR.ssp126.r5i1p1f1.6hrLev.ta.gn.v20190710,atmos,ta
CMIP6,ScenarioMIP,MPI-M,MPI-ESM1-2-LR,ssp126,r5i1p1f1,6hrPlevPt,gn,20190710,6hrPt,CMIP6.ScenarioMIP.MPI-M.MPI-ESM1-2-LR.ssp126.r5i1p1f1.6hrPlevPt.ta.gn.v20190710,atmos,ta
CMIP6,ScenarioMIP,MPI-M,MPI-ESM1-2-LR,ssp126,r5i1p1f1,E3hrPt,gn,20190710,3hrPt,CMIP6.ScenarioMIP.MPI-M.MPI-ESM1-2-LR.ssp126.r5i1p1f1.E3hrPt.ta.gn.v20190710,atmos,ta
CMIP6,ScenarioMIP,MPI-M,MPI-ESM1-2-LR,ssp126,r6i1p1f1,6hrLev,gn,20190710,6hrPt,CMIP6.ScenarioMIP.MPI-M.MPI-ESM1-2-LR.ssp126.r6i1p1f1.6hrLev.ta.gn.v20190710,atmos,ta
CMIP6,ScenarioMIP,MPI-M,MPI-ESM1-2-LR,ssp126,r6i1p1f1,6hrPlevPt,gn,20190710,6hrPt,CMIP6.ScenarioMIP.MPI-M.MPI-ESM1-2-LR.ssp126.r6i1p1f1.6hrPlevPt.ta.gn.v20190710,atmos,ta
CMIP6,ScenarioMIP,MPI-M,MPI-ESM1-2-LR,ssp126,r6i1p1f1,E3hrPt,gn,20190710,3hrPt,CMIP6.ScenarioMIP.MPI-M.MPI-ESM1-2-LR.ssp126.r6i1p1f1.E3hrPt.ta.gn.v20190710,atmos,ta
CMIP6,ScenarioMIP,MPI-M,MPI-ESM1-2-LR,ssp126,r7i1p1f1,6hrLev,gn,20190710,6hrPt,CMIP6.ScenarioMIP.MPI-M.MPI-ESM1-2-LR.ssp126.r7i1p1f1.6hrLev.ta.gn.v20190710,atmos,ta
CMIP6,ScenarioMIP,MPI-M,MPI-ESM1-2-LR,ssp126,r7i1p1f1,6hrPlevPt,gn,20190710,6hrPt,CMIP6.ScenarioMIP.MPI-M.MPI-ESM1-2-LR.ssp126.r7i1p1f1.6hrPlevPt.ta.gn.v20190710,atmos,ta
CMIP6,ScenarioMIP,MPI-M,MPI-ESM1-2-LR,ssp126,r7i1p1f1,E3hrPt,gn,20190710,3hrPt,CMIP6.ScenarioMIP.MPI-M.MPI-ESM1-2-LR.ssp126.r7i1p1f1.E3hrPt.ta.gn.v20190710,atmos,ta
CMIP6,ScenarioMIP,MPI-M,MPI-ESM1-2-LR,ssp126,r8i1p1f1,6hrLev,gn,20190710,6hrPt,CMIP6.ScenarioMIP.MPI-M.MPI-ESM1-2-LR.ssp126.r8i1p1f1.6hrLev.ta.gn.v20190710,atmos,ta
CMIP6,ScenarioMIP,MPI-M,MPI-ESM1-2-LR,ssp126,r8i1p1f1,6hrPlevPt,gn,20190710,6hrPt,CMIP6.ScenarioMIP.MPI-M.MPI-ESM1-2-LR.ssp126.r8i1p1f1.6hrPlevPt.ta.gn.v20190710,atmos,ta
CMIP6,ScenarioMIP,MPI-M,MPI-ESM1-2-LR,ssp126,r8i1p1f1,E3hrPt,gn,20190710,3hrPt,CMIP6.ScenarioMIP.MPI-M.MPI-ESM1-2-LR.ssp126.r8i1p1f1.E3hrPt.ta.gn.v20190710,atmos,ta
CMIP6,ScenarioMIP,MPI-M,MPI-ESM1-2-LR,ssp126,r9i1p1f1,6hrLev,gn,20190710,6hrPt,CMIP6.ScenarioMIP.MPI-M.MPI-ESM1-2-LR.ssp126.r9i1p1f1.6hrLev.ta.gn.v20190710,atmos,ta
CMIP6,ScenarioMIP,MPI-M,MPI-ESM1-2-LR,ssp126,r9i1p1f1,6hrPlevPt,gn,20190710,6hrPt,CMIP6.ScenarioMIP.MPI-M.MPI-ESM1-2-LR.ssp126.r9i1p1f1.6hrPlevPt.ta.gn.v20190710,atmos,ta
CMIP6,ScenarioMIP,MPI-M,MPI-ESM1-2-LR,ssp126,r9i1p1f1,E3hrPt,gn,20190710,3hrPt,CMIP6.ScenarioMIP.MPI-M.MPI-ESM1-2-LR.ssp126.r9i1p1f1.E3hrPt.ta.gn.v20190710,atmos,ta
CMIP6,ScenarioMIP,MRI,MRI-ESM2-0,ssp126,r1i1p1f1,6hrLev,gn,20190625,6hrPt,CMIP6.ScenarioMIP.MRI.MRI-ESM2-0.ssp126.r1i1p1f1.6hrLev.ta.gn.v20190625,atmos,ta
CMIP6,ScenarioMIP,MRI,MRI-ESM2-0,ssp126,r1i1p1f1,6hrPlevPt,gn,20190722,6hrPt,CMIP6.ScenarioMIP.MRI.MRI-ESM2-0.ssp126.r1i1p1f1.6hrPlevPt.ta.gn.v20190722,atmos,ta
CMIP6,ScenarioMIP,MRI,MRI-ESM2-0,ssp126,r1i1p1f1,6hrPlevPt,gn,20191108,6hrPt,CMIP6.ScenarioMIP.MRI.MRI-ESM2-0.ssp126.r1i1p1f1.6hrPlevPt.ta.gn.v20191108,atmos,ta
CMIP6,ScenarioMIP,MRI,MRI-ESM2-0,ssp126,r2i1p1f1,6hrPlevPt,gn,20210921,6hrPt,CMIP6.ScenarioMIP.MRI.MRI-ESM2-0.ssp126.r2i1p1f1.6hrPlevPt.ta.gn.v20210921,atmos,ta
CMIP6,ScenarioMIP,MRI,MRI-ESM2-0,ssp126,r3i1p1f1,6hrPlevPt,gn,20210921,6hrPt,CMIP6.ScenarioMIP.MRI.MRI-ESM2-0.ssp126.r3i1p1f1.6hrPlevPt.ta.gn.v20210921,atmos,ta
CMIP6,ScenarioMIP,MRI,MRI-ESM2-0,ssp126,r4i1p1f1,6hrPlevPt,gn,20210921,6hrPt,CMIP6.ScenarioMIP.MRI.MRI-ESM2-0.ssp126.r4i1p1f1.6hrPlevPt.ta.gn.v20210921,atmos,ta
CMIP6,ScenarioMIP,MRI,MRI-ESM2-0,ssp126,r5i1p1f1,6hrPlevPt,gn,20210921,6hrPt,CMIP6.ScenarioMIP.MRI.MRI-ESM2-0.ssp126.r5i1p1f1.6hrPlevPt.ta.gn.v20210921,atmos,ta
CMIP6,ScenarioMIP,NASA-GISS,GISS-E2-1-G,ssp126,r1i1p1f2,6hrLev,gn,20200115,6hrPt,CMIP6.ScenarioMIP.NASA-GISS.GISS-E2-1-G.ssp126.r1i1p1f2.6hrLev.ta.gn.v20200115,atmos,ta
CMIP6,ScenarioMIP,NASA-GISS,GISS-E2-1-G,ssp126,r1i1p1f2,6hrPlevPt,gn,20200115,6hrPt,CMIP6.ScenarioMIP.NASA-GISS.GISS-E2-1-G.ssp126.r1i1p1f2.6hrPlevPt.ta.gn.v20200115,atmos,ta
CMIP6,ScenarioMIP,NCAR,CESM2,ssp126,r11i1p1f1,6hrLev,gn,20200528,6hrPt,CMIP6.ScenarioMIP.NCAR.CESM2.ssp126.r11i1p1f1.6hrLev.ta.gn.v20200528,atmos,ta
CMIP6,ScenarioMIP,NCAR,CESM2,ssp126,r2i1p1f1,6hrLev,gn,20191106,6hrPt,CMIP6.ScenarioMIP.NCAR.CESM2.ssp126.r2i1p1f1.6hrLev.ta.gn.v20191106,atmos,ta
CMIP6,ScenarioMIP,NCC,NorESM2-LM,ssp126,r1i1p1f1,6hrLev,gn,20200218,6hrPt,CMIP6.ScenarioMIP.NCC.NorESM2-LM.ssp126.r1i1p1f1.6hrLev.ta.gn.v20200218,atmos,ta
CMIP6,ScenarioMIP,NCC,NorESM2-LM,ssp126,r1i1p1f1,6hrPlevPt,gn,20200218,6hrPt,CMIP6.ScenarioMIP.NCC.NorESM2-LM.ssp126.r1i1p1f1.6hrPlevPt.ta.gn.v20200218,atmos,ta
CMIP6,ScenarioMIP,NCC,NorESM2-MM,ssp126,r1i1p1f1,6hrLev,gn,20200218,6hrPt,CMIP6.ScenarioMIP.NCC.NorESM2-MM.ssp126.r1i1p1f1.6hrLev.ta.gn.v20200218,atmos,ta
CMIP6,ScenarioMIP,NCC,NorESM2-MM,ssp126,r1i1p1f1,6hrPlevPt,gn,20200218,6hrPt,CMIP6.ScenarioMIP.NCC.NorESM2-MM.ssp126.r1i1p1f1.6hrPlevPt.ta.gn.v20200218,atmos,ta
CMIP6,ScenarioMIP,NIMS-KMA,KACE-1-0-G,ssp126,r1i1p1f1,6hrLev,gr,20191013,6hrPt,CMIP6.ScenarioMIP.NIMS-KMA.KACE-1-0-G.ssp126.r1i1p1f1.6hrLev.ta.gr.v20191013,atmos,ta
CMIP6,ScenarioMIP,NIMS-KMA,KACE-1-0-G,ssp126,r1i1p1f1,6hrPlevPt,gr,20191024,6hrPt,CMIP6.ScenarioMIP.NIMS-KMA.KACE-1-0-G.ssp126.r1i1p1f1.6hrPlevPt.ta.gr.v20191024,atmos,ta
CMIP6,ScenarioMIP,NIMS-KMA,KACE-1-0-G,ssp126,r2i1p1f1,6hrPlevPt,gr,20191011,6hrPt,CMIP6.ScenarioMIP.NIMS-KMA.KACE-1-0-G.ssp126.r2i1p1f1.6hrPlevPt.ta.gr.v20191011,atmos,ta
CMIP6,ScenarioMIP,NIMS-KMA,KACE-1-0-G,ssp126,r3i1p1f1,6hrPlevPt,gr,20191024,6hrPt,CMIP6.ScenarioMIP.NIMS-KMA.KACE-1-0-G.ssp126.r3i1p1f1.6hrPlevPt.ta.gr.v20191024,atmos,ta
CMIP6,ScenarioMIP,NUIST,NESM3,ssp126,r1i1p1f1,6hrLev,gn,20190731,6hrPt,CMIP6.ScenarioMIP.NUIST.NESM3.ssp126.r1i1p1f1.6hrLev.ta.gn.v20190731,atmos,ta
CMIP6,ScenarioMIP,NUIST,NESM3,ssp126,r1i1p1f1,6hrPlevPt,gn,20190731,6hrPt,CMIP6.ScenarioMIP.NUIST.NESM3.ssp126.r1i1p1f1.6hrPlevPt.ta.gn.v20190731,atmos,ta
CMIP6,ScenarioMIP,NUIST,NESM3,ssp126,r2i1p1f1,6hrLev,gn,20190805,6hrPt,CMIP6.ScenarioMIP.NUIST.NESM3.ssp126.r2i1p1f1.6hrLev.ta.gn.v20190805,atmos,ta
CMIP6,ScenarioMIP,NUIST,NESM3,ssp126,r2i1p1f1,6hrPlevPt,gn,20190801,6hrPt,CMIP6.ScenarioMIP.NUIST.NESM3.ssp126.r2i1p1f1.6hrPlevPt.ta.gn.v20190801,atmos,ta
